{
  "source": "ALDI Store Locator",
  "page_title": "204 ALDI Locations",
  "location": "Use my location",
  "total_stores": 198,
  "stores": [
    {
      "url_path": "nsw/albion-park/ash-avenue-10",
      "state": "NSW",
      "suburb": "Albion-Park",
      "address_slug": "ash-avenue-10",
      "address": "Ash Avenue 10",
      "store_count": 1,
      "name": "Albion Park"
    },
    {
      "url_path": "nsw/albury/young-street-617-621",
      "state": "NSW",
      "suburb": "Albury",
      "address_slug": "young-street-617-621",
      "address": "Young Street 617 621",
      "store_count": 1,
      "name": "Albury"
    },
    {
      "url_path": "nsw/ambarvale/woodhouse-drive-45",
      "state": "NSW",
      "suburb": "Ambarvale",
      "address_slug": "woodhouse-drive-45",
      "address": "Woodhouse Drive 45",
      "store_count": 1,
      "name": "Ambarvale"
    },
    {
      "url_path": "nsw/armidale/barney-street-95",
      "state": "NSW",
      "suburb": "Armidale",
      "address_slug": "barney-street-95",
      "address": "Barney Street 95",
      "store_count": 1,
      "name": "Armidale"
    },
    {
      "url_path": "nsw/arndell-park/cnr-holbeche-road-walters-road",
      "state": "NSW",
      "suburb": "Arndell-Park",
      "address_slug": "cnr-holbeche-road-walters-road",
      "address": "Cnr Holbeche Road Walters Road",
      "store_count": 1,
      "name": "Arndell Park"
    },
    {
      "url_path": "nsw/ashfield/260-a-liverpool-road",
      "state": "NSW",
      "suburb": "Ashfield",
      "address_slug": "260-a-liverpool-road",
      "address": "260 A Liverpool Road",
      "store_count": 1,
      "name": "Ashfield"
    },
    {
      "url_path": "nsw/auburn/57-59-queen-street",
      "state": "NSW",
      "suburb": "Auburn",
      "address_slug": "57-59-queen-street",
      "address": "57 59 Queen Street",
      "store_count": 1,
      "name": "Auburn"
    },
    {
      "url_path": "nsw/balgowlah/roseberry-street-22-26",
      "state": "NSW",
      "suburb": "Balgowlah",
      "address_slug": "roseberry-street-22-26",
      "address": "Roseberry Street 22 26",
      "store_count": 1,
      "name": "Balgowlah"
    },
    {
      "url_path": "nsw/ballina/north-creek-road-2",
      "state": "NSW",
      "suburb": "Ballina",
      "address_slug": "north-creek-road-2",
      "address": "North Creek Road 2",
      "store_count": 1,
      "name": "Ballina"
    },
    {
      "url_path": "nsw/bankstown",
      "state": "NSW",
      "suburb": "Bankstown",
      "address_slug": "",
      "address": "",
      "store_count": 2,
      "name": "Bankstown"
    },
    {
      "url_path": "nsw/bass-hill/hume-highway-753",
      "state": "NSW",
      "suburb": "Bass-Hill",
      "address_slug": "hume-highway-753",
      "address": "Hume Highway 753",
      "store_count": 1,
      "name": "Bass Hill"
    },
    {
      "url_path": "nsw/bateau-bay/bay-village-road-12-m01",
      "state": "NSW",
      "suburb": "Bateau-Bay",
      "address_slug": "bay-village-road-12-m01",
      "address": "Bay Village Road 12 M01",
      "store_count": 1,
      "name": "Bateau Bay"
    },
    {
      "url_path": "nsw/batemans-bay/perry-street-1",
      "state": "NSW",
      "suburb": "Batemans-Bay",
      "address_slug": "perry-street-1",
      "address": "Perry Street 1",
      "store_count": 1,
      "name": "Batemans Bay"
    },
    {
      "url_path": "nsw/bathurst/russell-street-128",
      "state": "NSW",
      "suburb": "Bathurst",
      "address_slug": "russell-street-128",
      "address": "Russell Street 128",
      "store_count": 1,
      "name": "Bathurst"
    },
    {
      "url_path": "nsw/baulkham-hills/373-383-windsor-rd",
      "state": "NSW",
      "suburb": "Baulkham-Hills",
      "address_slug": "373-383-windsor-rd",
      "address": "373 383 Windsor Rd",
      "store_count": 1,
      "name": "Baulkham Hills"
    },
    {
      "url_path": "nsw/belmont/pacific-highway-510",
      "state": "NSW",
      "suburb": "Belmont",
      "address_slug": "pacific-highway-510",
      "address": "Pacific Highway 510",
      "store_count": 1,
      "name": "Belmont"
    },
    {
      "url_path": "nsw/belrose/glen-street-56-58",
      "state": "NSW",
      "suburb": "Belrose",
      "address_slug": "glen-street-56-58",
      "address": "Glen Street 56 58",
      "store_count": 1,
      "name": "Belrose"
    },
    {
      "url_path": "nsw/blacktown/patrick-street-17",
      "state": "NSW",
      "suburb": "Blacktown",
      "address_slug": "patrick-street-17",
      "address": "Patrick Street 17",
      "store_count": 1,
      "name": "Blacktown"
    },
    {
      "url_path": "nsw/blair-athol/the-kraal-drive-171",
      "state": "NSW",
      "suburb": "Blair-Athol",
      "address_slug": "the-kraal-drive-171",
      "address": "The Kraal Drive 171",
      "store_count": 1,
      "name": "Blair Athol"
    },
    {
      "url_path": "nsw/blue-haven/roper-road-19",
      "state": "NSW",
      "suburb": "Blue-Haven",
      "address_slug": "roper-road-19",
      "address": "Roper Road 19",
      "store_count": 1,
      "name": "Blue Haven"
    },
    {
      "url_path": "nsw/bomaderry/narang-rd-54",
      "state": "NSW",
      "suburb": "Bomaderry",
      "address_slug": "narang-rd-54",
      "address": "Narang Rd 54",
      "store_count": 1,
      "name": "Bomaderry"
    },
    {
      "url_path": "nsw/bondi-junction/spring-street-71-91",
      "state": "NSW",
      "suburb": "Bondi-Junction",
      "address_slug": "spring-street-71-91",
      "address": "Spring Street 71 91",
      "store_count": 1,
      "name": "Bondi Junction"
    },
    {
      "url_path": "nsw/bonnyrigg/cabramatta-road-718",
      "state": "NSW",
      "suburb": "Bonnyrigg",
      "address_slug": "cabramatta-road-718",
      "address": "Cabramatta Road 718",
      "store_count": 1,
      "name": "Bonnyrigg"
    },
    {
      "url_path": "nsw/bowral/banyette-street-5-11",
      "state": "NSW",
      "suburb": "Bowral",
      "address_slug": "banyette-street-5-11",
      "address": "Banyette Street 5 11",
      "store_count": 1,
      "name": "Bowral"
    },
    {
      "url_path": "nsw/box-hill/windsor-rd-745",
      "state": "NSW",
      "suburb": "Box-Hill",
      "address_slug": "windsor-rd-745",
      "address": "Windsor Rd 745",
      "store_count": 1,
      "name": "Box Hill"
    },
    {
      "url_path": "nsw/broadway/bay-street-1",
      "state": "NSW",
      "suburb": "Broadway",
      "address_slug": "bay-street-1",
      "address": "Bay Street 1",
      "store_count": 1,
      "name": "Broadway"
    },
    {
      "url_path": "nsw/brookvale/cross-street-3-5",
      "state": "NSW",
      "suburb": "Brookvale",
      "address_slug": "cross-street-3-5",
      "address": "Cross Street 3 5",
      "store_count": 1,
      "name": "Brookvale"
    },
    {
      "url_path": "nsw/burwood/100-burwood-road",
      "state": "NSW",
      "suburb": "Burwood",
      "address_slug": "100-burwood-road",
      "address": "100 Burwood Road",
      "store_count": 1,
      "name": "Burwood"
    },
    {
      "url_path": "nsw/byron-bay/byron-street-1",
      "state": "NSW",
      "suburb": "Byron-Bay",
      "address_slug": "byron-street-1",
      "address": "Byron Street 1",
      "store_count": 1,
      "name": "Byron Bay"
    },
    {
      "url_path": "nsw/campbelltown",
      "state": "NSW",
      "suburb": "Campbelltown",
      "address_slug": "",
      "address": "",
      "store_count": 2,
      "name": "Campbelltown"
    },
    {
      "url_path": "nsw/canterbury/jeffrey-street-73",
      "state": "NSW",
      "suburb": "Canterbury",
      "address_slug": "jeffrey-street-73",
      "address": "Jeffrey Street 73",
      "store_count": 1,
      "name": "Canterbury"
    },
    {
      "url_path": "nsw/cardiff/harrison-street-49",
      "state": "NSW",
      "suburb": "Cardiff",
      "address_slug": "harrison-street-49",
      "address": "Harrison Street 49",
      "store_count": 1,
      "name": "Cardiff"
    },
    {
      "url_path": "nsw/carlton/edward-street-76",
      "state": "NSW",
      "suburb": "Carlton",
      "address_slug": "edward-street-76",
      "address": "Edward Street 76",
      "store_count": 1,
      "name": "Carlton"
    },
    {
      "url_path": "nsw/carnes-hill/20-main-street",
      "state": "NSW",
      "suburb": "Carnes-Hill",
      "address_slug": "20-main-street",
      "address": "20 Main Street",
      "store_count": 1,
      "name": "Carnes Hill"
    },
    {
      "url_path": "nsw/casino/centre-street-139",
      "state": "NSW",
      "suburb": "Casino",
      "address_slug": "centre-street-139",
      "address": "Centre Street 139",
      "store_count": 1,
      "name": "Casino"
    },
    {
      "url_path": "nsw/castle-hill/6-14-s-castle-street",
      "state": "NSW",
      "suburb": "Castle-Hill",
      "address_slug": "6-14-s-castle-street",
      "address": "6 14 S Castle Street",
      "store_count": 1,
      "name": "Castle Hill"
    },
    {
      "url_path": "nsw/casula/1-ingham-drive",
      "state": "NSW",
      "suburb": "Casula",
      "address_slug": "1-ingham-drive",
      "address": "1 Ingham Drive",
      "store_count": 1,
      "name": "Casula"
    },
    {
      "url_path": "nsw/cessnock/wollombi-road-165-167",
      "state": "NSW",
      "suburb": "Cessnock",
      "address_slug": "wollombi-road-165-167",
      "address": "Wollombi Road 165 167",
      "store_count": 1,
      "name": "Cessnock"
    },
    {
      "url_path": "nsw/charlestown/pearson-street-30",
      "state": "NSW",
      "suburb": "Charlestown",
      "address_slug": "pearson-street-30",
      "address": "Pearson Street 30",
      "store_count": 1,
      "name": "Charlestown"
    },
    {
      "url_path": "nsw/chatswood",
      "state": "NSW",
      "suburb": "Chatswood",
      "address_slug": "",
      "address": "",
      "store_count": 2,
      "name": "Chatswood"
    },
    {
      "url_path": "nsw/chullora/355-357-waterloo-road",
      "state": "NSW",
      "suburb": "Chullora",
      "address_slug": "355-357-waterloo-road",
      "address": "355 357 Waterloo Road",
      "store_count": 1,
      "name": "Chullora"
    },
    {
      "url_path": "nsw/cobbitty/kakadu-street-3",
      "state": "NSW",
      "suburb": "Cobbitty",
      "address_slug": "kakadu-street-3",
      "address": "Kakadu Street 3",
      "store_count": 1,
      "name": "Cobbitty"
    },
    {
      "url_path": "nsw/coffs-harbour/pacific-highway-253",
      "state": "NSW",
      "suburb": "Coffs-Harbour",
      "address_slug": "pacific-highway-253",
      "address": "Pacific Highway 253",
      "store_count": 1,
      "name": "Coffs Harbour"
    },
    {
      "url_path": "nsw/cooma/hilton-street-18",
      "state": "NSW",
      "suburb": "Cooma",
      "address_slug": "hilton-street-18",
      "address": "Hilton Street 18",
      "store_count": 1,
      "name": "Cooma"
    },
    {
      "url_path": "nsw/corrimal/7-russell-street",
      "state": "NSW",
      "suburb": "Corrimal",
      "address_slug": "7-russell-street",
      "address": "7 Russell Street",
      "store_count": 1,
      "name": "Corrimal"
    },
    {
      "url_path": "nsw/cowra/fitzroy-street-125-131",
      "state": "NSW",
      "suburb": "Cowra",
      "address_slug": "fitzroy-street-125-131",
      "address": "Fitzroy Street 125 131",
      "store_count": 1,
      "name": "Cowra"
    },
    {
      "url_path": "nsw/cranebrook/borrowdale-way-80-98",
      "state": "NSW",
      "suburb": "Cranebrook",
      "address_slug": "borrowdale-way-80-98",
      "address": "Borrowdale Way 80 98",
      "store_count": 1,
      "name": "Cranebrook"
    },
    {
      "url_path": "nsw/dapto/osborne-street-38",
      "state": "NSW",
      "suburb": "Dapto",
      "address_slug": "osborne-street-38",
      "address": "Osborne Street 38",
      "store_count": 1,
      "name": "Dapto"
    },
    {
      "url_path": "nsw/darlinghurst/oxford-street-73",
      "state": "NSW",
      "suburb": "Darlinghurst",
      "address_slug": "oxford-street-73",
      "address": "Oxford Street 73",
      "store_count": 1,
      "name": "Darlinghurst"
    },
    {
      "url_path": "nsw/dee-why/15-19-pacific-parade",
      "state": "NSW",
      "suburb": "Dee-Why",
      "address_slug": "15-19-pacific-parade",
      "address": "15 19 Pacific Parade",
      "store_count": 1,
      "name": "Dee Why"
    },
    {
      "url_path": "nsw/drummoyne/19-a-roseby-street",
      "state": "NSW",
      "suburb": "Drummoyne",
      "address_slug": "19-a-roseby-street",
      "address": "19 A Roseby Street",
      "store_count": 1,
      "name": "Drummoyne"
    },
    {
      "url_path": "nsw/dubbo/176-talbragar-street",
      "state": "NSW",
      "suburb": "Dubbo",
      "address_slug": "176-talbragar-street",
      "address": "176 Talbragar Street",
      "store_count": 1,
      "name": "Dubbo"
    },
    {
      "url_path": "nsw/dural/allen-way-22",
      "state": "NSW",
      "suburb": "Dural",
      "address_slug": "allen-way-22",
      "address": "Allen Way 22",
      "store_count": 1,
      "name": "Dural"
    },
    {
      "url_path": "nsw/east-maitland/garnett-road-18-20",
      "state": "NSW",
      "suburb": "East-Maitland",
      "address_slug": "garnett-road-18-20",
      "address": "Garnett Road 18 20",
      "store_count": 1,
      "name": "East Maitland"
    },
    {
      "url_path": "nsw/eastgardens/bunnerong-road-152",
      "state": "NSW",
      "suburb": "Eastgardens",
      "address_slug": "bunnerong-road-152",
      "address": "Bunnerong Road 152",
      "store_count": 1,
      "name": "Eastgardens"
    },
    {
      "url_path": "nsw/eastlakes/evans-ave-16d",
      "state": "NSW",
      "suburb": "Eastlakes",
      "address_slug": "evans-ave-16d",
      "address": "Evans Ave 16D",
      "store_count": 1,
      "name": "Eastlakes"
    },
    {
      "url_path": "nsw/edgecliff/new-south-head-road-203-233",
      "state": "NSW",
      "suburb": "Edgecliff",
      "address_slug": "new-south-head-road-203-233",
      "address": "New South Head Road 203 233",
      "store_count": 1,
      "name": "Edgecliff"
    },
    {
      "url_path": "nsw/edgeworth/thomas-street-57",
      "state": "NSW",
      "suburb": "Edgeworth",
      "address_slug": "thomas-street-57",
      "address": "Thomas Street 57",
      "store_count": 1,
      "name": "Edgeworth"
    },
    {
      "url_path": "nsw/edmondson-park/camden-valley-way-1952-1982",
      "state": "NSW",
      "suburb": "Edmondson-Park",
      "address_slug": "camden-valley-way-1952-1982",
      "address": "Camden Valley Way 1952 1982",
      "store_count": 1,
      "name": "Edmondson Park"
    },
    {
      "url_path": "nsw/emu-plains/pyramid-street-1",
      "state": "NSW",
      "suburb": "Emu-Plains",
      "address_slug": "pyramid-street-1",
      "address": "Pyramid Street 1",
      "store_count": 1,
      "name": "Emu Plains"
    },
    {
      "url_path": "nsw/engadine/caldarra-avenue-101-15",
      "state": "NSW",
      "suburb": "Engadine",
      "address_slug": "caldarra-avenue-101-15",
      "address": "Caldarra Avenue 101 15",
      "store_count": 1,
      "name": "Engadine"
    },
    {
      "url_path": "nsw/erina/terrigal-drive-620-658",
      "state": "NSW",
      "suburb": "Erina",
      "address_slug": "terrigal-drive-620-658",
      "address": "Terrigal Drive 620 658",
      "store_count": 1,
      "name": "Erina"
    },
    {
      "url_path": "nsw/erskine-park/swallow-drive-180-188",
      "state": "NSW",
      "suburb": "Erskine-Park",
      "address_slug": "swallow-drive-180-188",
      "address": "Swallow Drive 180 188",
      "store_count": 1,
      "name": "Erskine Park"
    },
    {
      "url_path": "nsw/fairfield/station-street-8-36",
      "state": "NSW",
      "suburb": "Fairfield",
      "address_slug": "station-street-8-36",
      "address": "Station Street 8 36",
      "store_count": 1,
      "name": "Fairfield"
    },
    {
      "url_path": "nsw/fairfield-west/hamilton-road-370",
      "state": "NSW",
      "suburb": "Fairfield-West",
      "address_slug": "hamilton-road-370",
      "address": "Hamilton Road 370",
      "store_count": 1,
      "name": "Fairfield West"
    },
    {
      "url_path": "nsw/fairy-meadow/princess-highway-102-110",
      "state": "NSW",
      "suburb": "Fairy-Meadow",
      "address_slug": "princess-highway-102-110",
      "address": "Princess Highway 102 110",
      "store_count": 1,
      "name": "Fairy Meadow"
    },
    {
      "url_path": "nsw/fletcher/britannia-boulevard-1",
      "state": "NSW",
      "suburb": "Fletcher",
      "address_slug": "britannia-boulevard-1",
      "address": "Britannia Boulevard 1",
      "store_count": 1,
      "name": "Fletcher"
    },
    {
      "url_path": "nsw/forster/3-17-breese-parade",
      "state": "NSW",
      "suburb": "Forster",
      "address_slug": "3-17-breese-parade",
      "address": "3 17 Breese Parade",
      "store_count": 1,
      "name": "Forster"
    },
    {
      "url_path": "nsw/frenchs-forest/20-forest-way",
      "state": "NSW",
      "suburb": "Frenchs-Forest",
      "address_slug": "20-forest-way",
      "address": "20 Forest Way",
      "store_count": 1,
      "name": "Frenchs Forest"
    },
    {
      "url_path": "nsw/galston/galston-road-346",
      "state": "NSW",
      "suburb": "Galston",
      "address_slug": "galston-road-346",
      "address": "Galston Road 346",
      "store_count": 1,
      "name": "Galston"
    },
    {
      "url_path": "nsw/gladesville/victoria-road-413-417",
      "state": "NSW",
      "suburb": "Gladesville",
      "address_slug": "victoria-road-413-417",
      "address": "Victoria Road 413 417",
      "store_count": 1,
      "name": "Gladesville"
    },
    {
      "url_path": "nsw/glenfield-park/tanda-place-12",
      "state": "NSW",
      "suburb": "Glenfield-Park",
      "address_slug": "tanda-place-12",
      "address": "Tanda Place 12",
      "store_count": 1,
      "name": "Glenfield Park"
    },
    {
      "url_path": "nsw/glenmore-park/town-terrace-1",
      "state": "NSW",
      "suburb": "Glenmore-Park",
      "address_slug": "town-terrace-1",
      "address": "Town Terrace 1",
      "store_count": 1,
      "name": "Glenmore Park"
    },
    {
      "url_path": "nsw/goonellabah/simeoni-drive-15",
      "state": "NSW",
      "suburb": "Goonellabah",
      "address_slug": "simeoni-drive-15",
      "address": "Simeoni Drive 15",
      "store_count": 1,
      "name": "Goonellabah"
    },
    {
      "url_path": "nsw/goulburn/clinton-lane-9-13",
      "state": "NSW",
      "suburb": "Goulburn",
      "address_slug": "clinton-lane-9-13",
      "address": "Clinton Lane 9 13",
      "store_count": 1,
      "name": "Goulburn"
    },
    {
      "url_path": "nsw/grafton/prince-street-163-169",
      "state": "NSW",
      "suburb": "Grafton",
      "address_slug": "prince-street-163-169",
      "address": "Prince Street 163 169",
      "store_count": 1,
      "name": "Grafton"
    },
    {
      "url_path": "nsw/green-point/avoca-drive-bayside-drive-cnr",
      "state": "NSW",
      "suburb": "Green-Point",
      "address_slug": "avoca-drive-bayside-drive-cnr",
      "address": "Avoca Drive Bayside Drive Cnr",
      "store_count": 1,
      "name": "Green Point"
    },
    {
      "url_path": "nsw/gregory-hills/village-circuit-33",
      "state": "NSW",
      "suburb": "Gregory-Hills",
      "address_slug": "village-circuit-33",
      "address": "Village Circuit 33",
      "store_count": 1,
      "name": "Gregory Hills"
    },
    {
      "url_path": "nsw/griffith/4-6-oakes-road",
      "state": "NSW",
      "suburb": "Griffith",
      "address_slug": "4-6-oakes-road",
      "address": "4 6 Oakes Road",
      "store_count": 1,
      "name": "Griffith"
    },
    {
      "url_path": "nsw/guildford/woodville-road-280-290",
      "state": "NSW",
      "suburb": "Guildford",
      "address_slug": "woodville-road-280-290",
      "address": "Woodville Road 280 290",
      "store_count": 1,
      "name": "Guildford"
    },
    {
      "url_path": "nsw/gunnedah/conadilly-street-185",
      "state": "NSW",
      "suburb": "Gunnedah",
      "address_slug": "conadilly-street-185",
      "address": "Conadilly Street 185",
      "store_count": 1,
      "name": "Gunnedah"
    },
    {
      "url_path": "nsw/hamilton/swan-street-11",
      "state": "NSW",
      "suburb": "Hamilton",
      "address_slug": "swan-street-11",
      "address": "Swan Street 11",
      "store_count": 1,
      "name": "Hamilton"
    },
    {
      "url_path": "nsw/hillsdale/bunnerong-road-238-262",
      "state": "NSW",
      "suburb": "Hillsdale",
      "address_slug": "bunnerong-road-238-262",
      "address": "Bunnerong Road 238 262",
      "store_count": 1,
      "name": "Hillsdale"
    },
    {
      "url_path": "nsw/hornsby/236-pacific-highway",
      "state": "NSW",
      "suburb": "Hornsby",
      "address_slug": "236-pacific-highway",
      "address": "236 Pacific Highway",
      "store_count": 1,
      "name": "Hornsby"
    },
    {
      "url_path": "nsw/hoxton-park/cowpasture-road-501",
      "state": "NSW",
      "suburb": "Hoxton-Park",
      "address_slug": "cowpasture-road-501",
      "address": "Cowpasture Road 501",
      "store_count": 1,
      "name": "Hoxton Park"
    },
    {
      "url_path": "nsw/hurstville/a1-cross-street-park-road",
      "state": "NSW",
      "suburb": "Hurstville",
      "address_slug": "a1-cross-street-park-road",
      "address": "A1 Cross Street Park Road",
      "store_count": 1,
      "name": "Hurstville"
    },
    {
      "url_path": "nsw/jerrabomberra/ferdinand-lane-9",
      "state": "NSW",
      "suburb": "Jerrabomberra",
      "address_slug": "ferdinand-lane-9",
      "address": "Ferdinand Lane 9",
      "store_count": 1,
      "name": "Jerrabomberra"
    },
    {
      "url_path": "nsw/katoomba/katoomba-street-201-205",
      "state": "NSW",
      "suburb": "Katoomba",
      "address_slug": "katoomba-street-201-205",
      "address": "Katoomba Street 201 205",
      "store_count": 1,
      "name": "Katoomba"
    },
    {
      "url_path": "nsw/kellyville/wrights-road-92",
      "state": "NSW",
      "suburb": "Kellyville",
      "address_slug": "wrights-road-92",
      "address": "Wrights Road 92",
      "store_count": 1,
      "name": "Kellyville"
    },
    {
      "url_path": "nsw/kempsey/belgrave-street-15-33",
      "state": "NSW",
      "suburb": "Kempsey",
      "address_slug": "belgrave-street-15-33",
      "address": "Belgrave Street 15 33",
      "store_count": 1,
      "name": "Kempsey"
    },
    {
      "url_path": "nsw/kirrawee/580-princes-highway",
      "state": "NSW",
      "suburb": "Kirrawee",
      "address_slug": "580-princes-highway",
      "address": "580 Princes Highway",
      "store_count": 1,
      "name": "Kirrawee"
    },
    {
      "url_path": "nsw/kogarah/railway-parade-1-g1",
      "state": "NSW",
      "suburb": "Kogarah",
      "address_slug": "railway-parade-1-g1",
      "address": "Railway Parade 1 G1",
      "store_count": 1,
      "name": "Kogarah"
    },
    {
      "url_path": "nsw/kotara/northcott-drive-30",
      "state": "NSW",
      "suburb": "Kotara",
      "address_slug": "northcott-drive-30",
      "address": "Northcott Drive 30",
      "store_count": 1,
      "name": "Kotara"
    },
    {
      "url_path": "nsw/kurri-kurri/barton-street-106-112",
      "state": "NSW",
      "suburb": "Kurri-Kurri",
      "address_slug": "barton-street-106-112",
      "address": "Barton Street 106 112",
      "store_count": 1,
      "name": "Kurri Kurri"
    },
    {
      "url_path": "nsw/lake-haven/lakehaven-drive-43",
      "state": "NSW",
      "suburb": "Lake-Haven",
      "address_slug": "lakehaven-drive-43",
      "address": "Lakehaven Drive 43",
      "store_count": 1,
      "name": "Lake Haven"
    },
    {
      "url_path": "nsw/lakemba/haldon-street-212-226",
      "state": "NSW",
      "suburb": "Lakemba",
      "address_slug": "haldon-street-212-226",
      "address": "Haldon Street 212 226",
      "store_count": 1,
      "name": "Lakemba"
    },
    {
      "url_path": "nsw/lane-cove/rosenthal-avenue-2",
      "state": "NSW",
      "suburb": "Lane-Cove",
      "address_slug": "rosenthal-avenue-2",
      "address": "Rosenthal Avenue 2",
      "store_count": 1,
      "name": "Lane Cove"
    },
    {
      "url_path": "nsw/lavington/wagga-road-385-387",
      "state": "NSW",
      "suburb": "Lavington",
      "address_slug": "wagga-road-385-387",
      "address": "Wagga Road 385 387",
      "store_count": 1,
      "name": "Lavington"
    },
    {
      "url_path": "nsw/leeton/acacia-avenue-1",
      "state": "NSW",
      "suburb": "Leeton",
      "address_slug": "acacia-avenue-1",
      "address": "Acacia Avenue 1",
      "store_count": 1,
      "name": "Leeton"
    },
    {
      "url_path": "nsw/leichhardt/marion-street-flood-street-shop-21a",
      "state": "NSW",
      "suburb": "Leichhardt",
      "address_slug": "marion-street-flood-street-shop-21a",
      "address": "Marion Street Flood Street Shop 21A",
      "store_count": 1,
      "name": "Leichhardt"
    },
    {
      "url_path": "nsw/leppington/5-emerald-hills-boulevarde",
      "state": "NSW",
      "suburb": "Leppington",
      "address_slug": "5-emerald-hills-boulevarde",
      "address": "5 Emerald Hills Boulevarde",
      "store_count": 1,
      "name": "Leppington"
    },
    {
      "url_path": "nsw/lidcombe/parramatta-road-92",
      "state": "NSW",
      "suburb": "Lidcombe",
      "address_slug": "parramatta-road-92",
      "address": "Parramatta Road 92",
      "store_count": 1,
      "name": "Lidcombe"
    },
    {
      "url_path": "nsw/lismore/ballina-road-44",
      "state": "NSW",
      "suburb": "Lismore",
      "address_slug": "ballina-road-44",
      "address": "Ballina Road 44",
      "store_count": 1,
      "name": "Lismore"
    },
    {
      "url_path": "nsw/lithgow/2-valley-drive",
      "state": "NSW",
      "suburb": "Lithgow",
      "address_slug": "2-valley-drive",
      "address": "2 Valley Drive",
      "store_count": 1,
      "name": "Lithgow"
    },
    {
      "url_path": "nsw/liverpool",
      "state": "NSW",
      "suburb": "Liverpool",
      "address_slug": "",
      "address": "",
      "store_count": 2,
      "name": "Liverpool"
    },
    {
      "url_path": "nsw/macquarie-fields/victoria-road-61",
      "state": "NSW",
      "suburb": "Macquarie-Fields",
      "address_slug": "victoria-road-61",
      "address": "Victoria Road 61",
      "store_count": 1,
      "name": "Macquarie Fields"
    },
    {
      "url_path": "nsw/macquarie-park/197-223-herring-road",
      "state": "NSW",
      "suburb": "Macquarie-Park",
      "address_slug": "197-223-herring-road",
      "address": "197 223 Herring Road",
      "store_count": 1,
      "name": "Macquarie Park"
    },
    {
      "url_path": "nsw/maitland/high-street-405-mm01",
      "state": "NSW",
      "suburb": "Maitland",
      "address_slug": "high-street-405-mm01",
      "address": "High Street 405 Mm01",
      "store_count": 1,
      "name": "Maitland"
    },
    {
      "url_path": "nsw/maroubra/anzac-parade-707-751",
      "state": "NSW",
      "suburb": "Maroubra",
      "address_slug": "anzac-parade-707-751",
      "address": "Anzac Parade 707 751",
      "store_count": 1,
      "name": "Maroubra"
    },
    {
      "url_path": "nsw/marrickville/20-smidmore-street",
      "state": "NSW",
      "suburb": "Marrickville",
      "address_slug": "20-smidmore-street",
      "address": "20 Smidmore Street",
      "store_count": 1,
      "name": "Marrickville"
    },
    {
      "url_path": "nsw/marsden-park/hollinsworth-road-10",
      "state": "NSW",
      "suburb": "Marsden-Park",
      "address_slug": "hollinsworth-road-10",
      "address": "Hollinsworth Road 10",
      "store_count": 1,
      "name": "Marsden Park"
    },
    {
      "url_path": "nsw/mayfield/230-maitland-road",
      "state": "NSW",
      "suburb": "Mayfield",
      "address_slug": "230-maitland-road",
      "address": "230 Maitland Road",
      "store_count": 1,
      "name": "Mayfield"
    },
    {
      "url_path": "nsw/mcgraths-hill/curtis-road-5",
      "state": "NSW",
      "suburb": "Mcgraths-Hill",
      "address_slug": "curtis-road-5",
      "address": "Curtis Road 5",
      "store_count": 1,
      "name": "McGraths Hill"
    },
    {
      "url_path": "nsw/menai/old-illawarra-road-509",
      "state": "NSW",
      "suburb": "Menai",
      "address_slug": "old-illawarra-road-509",
      "address": "Old Illawarra Road 509",
      "store_count": 1,
      "name": "Menai"
    },
    {
      "url_path": "nsw/merimbula/main-st-107",
      "state": "NSW",
      "suburb": "Merimbula",
      "address_slug": "main-st-107",
      "address": "Main St 107",
      "store_count": 1,
      "name": "Merimbula"
    },
    {
      "url_path": "nsw/merrylands/191-201-pitt-street",
      "state": "NSW",
      "suburb": "Merrylands",
      "address_slug": "191-201-pitt-street",
      "address": "191 201 Pitt Street",
      "store_count": 1,
      "name": "Merrylands"
    },
    {
      "url_path": "nsw/miller/90-cartwright-avenue",
      "state": "NSW",
      "suburb": "Miller",
      "address_slug": "90-cartwright-avenue",
      "address": "90 Cartwright Avenue",
      "store_count": 1,
      "name": "Miller"
    },
    {
      "url_path": "nsw/minto/pembroke-road",
      "state": "NSW",
      "suburb": "Minto",
      "address_slug": "pembroke-road",
      "address": "Pembroke Road",
      "store_count": 1,
      "name": "Minto"
    },
    {
      "url_path": "nsw/miranda",
      "state": "NSW",
      "suburb": "Miranda",
      "address_slug": "",
      "address": "",
      "store_count": 2,
      "name": "Miranda"
    },
    {
      "url_path": "nsw/mittagong/old-hume-highway-181-183",
      "state": "NSW",
      "suburb": "Mittagong",
      "address_slug": "old-hume-highway-181-183",
      "address": "Old Hume Highway 181 183",
      "store_count": 1,
      "name": "Mittagong"
    },
    {
      "url_path": "nsw/mona-vale/bungan-street-13",
      "state": "NSW",
      "suburb": "Mona-Vale",
      "address_slug": "bungan-street-13",
      "address": "Bungan Street 13",
      "store_count": 1,
      "name": "Mona Vale"
    },
    {
      "url_path": "nsw/moonee-beach/moonee-beach-road-2b",
      "state": "NSW",
      "suburb": "Moonee-Beach",
      "address_slug": "moonee-beach-road-2b",
      "address": "Moonee Beach Road 2B",
      "store_count": 1,
      "name": "Moonee Beach"
    },
    {
      "url_path": "nsw/mosman/brady-street-3-1",
      "state": "NSW",
      "suburb": "Mosman",
      "address_slug": "brady-street-3-1",
      "address": "Brady Street 3 1",
      "store_count": 1,
      "name": "Mosman"
    },
    {
      "url_path": "nsw/moss-vale/roberston-road-6",
      "state": "NSW",
      "suburb": "Moss-Vale",
      "address_slug": "roberston-road-6",
      "address": "Roberston Road 6",
      "store_count": 1,
      "name": "Moss Vale"
    },
    {
      "url_path": "nsw/mount-annan/main-street-6-8",
      "state": "NSW",
      "suburb": "Mount-Annan",
      "address_slug": "main-street-6-8",
      "address": "Main Street 6 8",
      "store_count": 1,
      "name": "Mount Annan"
    },
    {
      "url_path": "nsw/mount-druitt/zoe-place-16",
      "state": "NSW",
      "suburb": "Mount-Druitt",
      "address_slug": "zoe-place-16",
      "address": "Zoe Place 16",
      "store_count": 1,
      "name": "Mount Druitt"
    },
    {
      "url_path": "nsw/mount-hutton/dunkley-parade-4",
      "state": "NSW",
      "suburb": "Mount-Hutton",
      "address_slug": "dunkley-parade-4",
      "address": "Dunkley Parade 4",
      "store_count": 1,
      "name": "Mount Hutton"
    },
    {
      "url_path": "nsw/mount-kuring-gai/nyarra-road-pacific-highway-cnr",
      "state": "NSW",
      "suburb": "Mount-Kuring-Gai",
      "address_slug": "nyarra-road-pacific-highway-cnr",
      "address": "Nyarra Road Pacific Highway Cnr",
      "store_count": 1,
      "name": "Mount Kuring-gai"
    },
    {
      "url_path": "nsw/mudgee/church-street-97-99",
      "state": "NSW",
      "suburb": "Mudgee",
      "address_slug": "church-street-97-99",
      "address": "Church Street 97 99",
      "store_count": 1,
      "name": "Mudgee"
    },
    {
      "url_path": "nsw/muswellbrook/rutherford-road-31",
      "state": "NSW",
      "suburb": "Muswellbrook",
      "address_slug": "rutherford-road-31",
      "address": "Rutherford Road 31",
      "store_count": 1,
      "name": "Muswellbrook"
    },
    {
      "url_path": "nsw/narellan/camden-valley-way-304-306",
      "state": "NSW",
      "suburb": "Narellan",
      "address_slug": "camden-valley-way-304-306",
      "address": "Camden Valley Way 304 306",
      "store_count": 1,
      "name": "Narellan"
    },
    {
      "url_path": "nsw/narooma/princes-highway-185-s42",
      "state": "NSW",
      "suburb": "Narooma",
      "address_slug": "princes-highway-185-s42",
      "address": "Princes Highway 185 S42",
      "store_count": 1,
      "name": "Narooma"
    },
    {
      "url_path": "nsw/newcastle/union-street-54",
      "state": "NSW",
      "suburb": "Newcastle",
      "address_slug": "union-street-54",
      "address": "Union Street 54",
      "store_count": 1,
      "name": "Newcastle"
    },
    {
      "url_path": "nsw/newtown/king-st-1-330",
      "state": "NSW",
      "suburb": "Newtown",
      "address_slug": "king-st-1-330",
      "address": "King St 1 330",
      "store_count": 1,
      "name": "Newtown"
    },
    {
      "url_path": "nsw/north-kellyville/hezlett-road-10",
      "state": "NSW",
      "suburb": "North-Kellyville",
      "address_slug": "hezlett-road-10",
      "address": "Hezlett Road 10",
      "store_count": 1,
      "name": "North Kellyville"
    },
    {
      "url_path": "nsw/north-richmond/bells-line-of-road-47-55",
      "state": "NSW",
      "suburb": "North-Richmond",
      "address_slug": "bells-line-of-road-47-55",
      "address": "Bells Line Of Road 47 55",
      "store_count": 1,
      "name": "North Richmond"
    },
    {
      "url_path": "nsw/north-rocks/north-rocks-road-328-336",
      "state": "NSW",
      "suburb": "North-Rocks",
      "address_slug": "north-rocks-road-328-336",
      "address": "North Rocks Road 328 336",
      "store_count": 1,
      "name": "North Rocks"
    },
    {
      "url_path": "nsw/north-rothbury/12-well-street",
      "state": "NSW",
      "suburb": "North-Rothbury",
      "address_slug": "12-well-street",
      "address": "12 Well Street",
      "store_count": 1,
      "name": "North Rothbury"
    },
    {
      "url_path": "nsw/north-strathfield/george-street-20",
      "state": "NSW",
      "suburb": "North-Strathfield",
      "address_slug": "george-street-20",
      "address": "George Street 20",
      "store_count": 1,
      "name": "North Strathfield"
    },
    {
      "url_path": "nsw/north-sydney/99-mount-street",
      "state": "NSW",
      "suburb": "North-Sydney",
      "address_slug": "99-mount-street",
      "address": "99 Mount Street",
      "store_count": 1,
      "name": "North Sydney"
    },
    {
      "url_path": "nsw/nowra/kinghorne-street-8-16",
      "state": "NSW",
      "suburb": "Nowra",
      "address_slug": "kinghorne-street-8-16",
      "address": "Kinghorne Street 8 16",
      "store_count": 1,
      "name": "Nowra"
    },
    {
      "url_path": "nsw/orange/peisley-street-167-177",
      "state": "NSW",
      "suburb": "Orange",
      "address_slug": "peisley-street-167-177",
      "address": "Peisley Street 167 177",
      "store_count": 1,
      "name": "Orange"
    },
    {
      "url_path": "nsw/parkes/caledonia-street-11",
      "state": "NSW",
      "suburb": "Parkes",
      "address_slug": "caledonia-street-11",
      "address": "Caledonia Street 11",
      "store_count": 1,
      "name": "Parkes"
    },
    {
      "url_path": "nsw/parramatta/church-street-175",
      "state": "NSW",
      "suburb": "Parramatta",
      "address_slug": "church-street-175",
      "address": "Church Street 175",
      "store_count": 1,
      "name": "Parramatta"
    },
    {
      "url_path": "nsw/penrith",
      "state": "NSW",
      "suburb": "Penrith",
      "address_slug": "",
      "address": "",
      "store_count": 2,
      "name": "Penrith"
    },
    {
      "url_path": "nsw/point-clare/brisbane-water-drive-53-59",
      "state": "NSW",
      "suburb": "Point-Clare",
      "address_slug": "brisbane-water-drive-53-59",
      "address": "Brisbane Water Drive 53 59",
      "store_count": 1,
      "name": "Point Clare"
    },
    {
      "url_path": "nsw/port-macquarie/hughes-place-3",
      "state": "NSW",
      "suburb": "Port-Macquarie",
      "address_slug": "hughes-place-3",
      "address": "Hughes Place 3",
      "store_count": 1,
      "name": "Port Macquarie"
    },
    {
      "url_path": "nsw/quakers-hill/bali-drive-85",
      "state": "NSW",
      "suburb": "Quakers-Hill",
      "address_slug": "bali-drive-85",
      "address": "Bali Drive 85",
      "store_count": 1,
      "name": "Quakers Hill"
    },
    {
      "url_path": "nsw/queanbeyan/crawford-street-134-136",
      "state": "NSW",
      "suburb": "Queanbeyan",
      "address_slug": "crawford-street-134-136",
      "address": "Crawford Street 134 136",
      "store_count": 1,
      "name": "Queanbeyan"
    },
    {
      "url_path": "nsw/raymond-terrace/port-stephens-road-22-32",
      "state": "NSW",
      "suburb": "Raymond-Terrace",
      "address_slug": "port-stephens-road-22-32",
      "address": "Port Stephens Road 22 32",
      "store_count": 1,
      "name": "Raymond Terrace"
    },
    {
      "url_path": "nsw/rhodes/1-rider-boulevarde",
      "state": "NSW",
      "suburb": "Rhodes",
      "address_slug": "1-rider-boulevarde",
      "address": "1 Rider Boulevarde",
      "store_count": 1,
      "name": "Rhodes"
    },
    {
      "url_path": "nsw/richmond/windsor-street-128",
      "state": "NSW",
      "suburb": "Richmond",
      "address_slug": "windsor-street-128",
      "address": "Windsor Street 128",
      "store_count": 1,
      "name": "Richmond"
    },
    {
      "url_path": "nsw/riverwood/belmore-road-247-253",
      "state": "NSW",
      "suburb": "Riverwood",
      "address_slug": "belmore-road-247-253",
      "address": "Belmore Road 247 253",
      "store_count": 1,
      "name": "Riverwood"
    },
    {
      "url_path": "nsw/rockdale/rockdale-plaza-drive-1",
      "state": "NSW",
      "suburb": "Rockdale",
      "address_slug": "rockdale-plaza-drive-1",
      "address": "Rockdale Plaza Drive 1",
      "store_count": 1,
      "name": "Rockdale"
    },
    {
      "url_path": "nsw/rosebery/dunning-avenue-85",
      "state": "NSW",
      "suburb": "Rosebery",
      "address_slug": "dunning-avenue-85",
      "address": "Dunning Avenue 85",
      "store_count": 1,
      "name": "Rosebery"
    },
    {
      "url_path": "nsw/roselands/roselands-avenue-24",
      "state": "NSW",
      "suburb": "Roselands",
      "address_slug": "roselands-avenue-24",
      "address": "Roselands Avenue 24",
      "store_count": 1,
      "name": "Roselands"
    },
    {
      "url_path": "nsw/rouse-hill/resolution-place-3",
      "state": "NSW",
      "suburb": "Rouse-Hill",
      "address_slug": "resolution-place-3",
      "address": "Resolution Place 3",
      "store_count": 1,
      "name": "Rouse Hill"
    },
    {
      "url_path": "nsw/rutherford/hillview-street-3",
      "state": "NSW",
      "suburb": "Rutherford",
      "address_slug": "hillview-street-3",
      "address": "Hillview Street 3",
      "store_count": 1,
      "name": "Rutherford"
    },
    {
      "url_path": "nsw/rydalmere/victoria-road-359-363",
      "state": "NSW",
      "suburb": "Rydalmere",
      "address_slug": "victoria-road-359-363",
      "address": "Victoria Road 359 363",
      "store_count": 1,
      "name": "Rydalmere"
    },
    {
      "url_path": "nsw/ryde/blaxland-road-109-129",
      "state": "NSW",
      "suburb": "Ryde",
      "address_slug": "blaxland-road-109-129",
      "address": "Blaxland Road 109 129",
      "store_count": 1,
      "name": "Ryde"
    },
    {
      "url_path": "nsw/salamander-bay/central-avenue-3",
      "state": "NSW",
      "suburb": "Salamander-Bay",
      "address_slug": "central-avenue-3",
      "address": "Central Avenue 3",
      "store_count": 1,
      "name": "Salamander Bay"
    },
    {
      "url_path": "nsw/seven-hills/prospec-highway-224",
      "state": "NSW",
      "suburb": "Seven-Hills",
      "address_slug": "prospec-highway-224",
      "address": "Prospec Highway 224",
      "store_count": 1,
      "name": "Seven Hills"
    },
    {
      "url_path": "nsw/shellharbour/holm-place-5",
      "state": "NSW",
      "suburb": "Shellharbour",
      "address_slug": "holm-place-5",
      "address": "Holm Place 5",
      "store_count": 1,
      "name": "Shellharbour"
    },
    {
      "url_path": "nsw/singleton/john-street-17",
      "state": "NSW",
      "suburb": "Singleton",
      "address_slug": "john-street-17",
      "address": "John Street 17",
      "store_count": 1,
      "name": "Singleton"
    },
    {
      "url_path": "nsw/st-marys/great-western-highway-410-422",
      "state": "NSW",
      "suburb": "St-Marys",
      "address_slug": "great-western-highway-410-422",
      "address": "Great Western Highway 410 422",
      "store_count": 1,
      "name": "St Marys"
    },
    {
      "url_path": "nsw/stanhope-gardens/2-sentry-drive",
      "state": "NSW",
      "suburb": "Stanhope-Gardens",
      "address_slug": "2-sentry-drive",
      "address": "2 Sentry Drive",
      "store_count": 1,
      "name": "Stanhope Gardens"
    },
    {
      "url_path": "nsw/tahmoor/remembrance-driveway-153-159",
      "state": "NSW",
      "suburb": "Tahmoor",
      "address_slug": "remembrance-driveway-153-159",
      "address": "Remembrance Driveway 153 159",
      "store_count": 1,
      "name": "Tahmoor"
    },
    {
      "url_path": "nsw/tamworth/peel-street-194-196",
      "state": "NSW",
      "suburb": "Tamworth",
      "address_slug": "peel-street-194-196",
      "address": "Peel Street 194 196",
      "store_count": 1,
      "name": "Tamworth"
    },
    {
      "url_path": "nsw/taree/high-street-98-106",
      "state": "NSW",
      "suburb": "Taree",
      "address_slug": "high-street-98-106",
      "address": "High Street 98 106",
      "store_count": 1,
      "name": "Taree"
    },
    {
      "url_path": "nsw/thornleigh/pennant-hills-road-275-291",
      "state": "NSW",
      "suburb": "Thornleigh",
      "address_slug": "pennant-hills-road-275-291",
      "address": "Pennant Hills Road 275 291",
      "store_count": 1,
      "name": "Thornleigh"
    },
    {
      "url_path": "nsw/toormina/minorie-drive-52",
      "state": "NSW",
      "suburb": "Toormina",
      "address_slug": "minorie-drive-52",
      "address": "Minorie Drive 52",
      "store_count": 1,
      "name": "Toormina"
    },
    {
      "url_path": "nsw/toronto/brighton-ave-189-197",
      "state": "NSW",
      "suburb": "Toronto",
      "address_slug": "brighton-ave-189-197",
      "address": "Brighton Ave 189 197",
      "store_count": 1,
      "name": "Toronto"
    },
    {
      "url_path": "nsw/toukley/evans-st-127",
      "state": "NSW",
      "suburb": "Toukley",
      "address_slug": "evans-st-127",
      "address": "Evans St 127",
      "store_count": 1,
      "name": "Toukley"
    },
    {
      "url_path": "nsw/tuggerah/wyong-rd-50",
      "state": "NSW",
      "suburb": "Tuggerah",
      "address_slug": "wyong-rd-50",
      "address": "Wyong Rd 50",
      "store_count": 1,
      "name": "Tuggerah"
    },
    {
      "url_path": "nsw/tweed-heads/wharf-street-16-32",
      "state": "NSW",
      "suburb": "Tweed-Heads",
      "address_slug": "wharf-street-16-32",
      "address": "Wharf Street 16 32",
      "store_count": 1,
      "name": "Tweed Heads"
    },
    {
      "url_path": "nsw/tweed-heads-south/machinery-drive-9-11",
      "state": "NSW",
      "suburb": "Tweed-Heads-South",
      "address_slug": "machinery-drive-9-11",
      "address": "Machinery Drive 9 11",
      "store_count": 1,
      "name": "Tweed Heads South"
    },
    {
      "url_path": "nsw/ulladulla/boree-street-23",
      "state": "NSW",
      "suburb": "Ulladulla",
      "address_slug": "boree-street-23",
      "address": "Boree Street 23",
      "store_count": 1,
      "name": "Ulladulla"
    },
    {
      "url_path": "nsw/umina-beach/trafalgar-ave-310",
      "state": "NSW",
      "suburb": "Umina-Beach",
      "address_slug": "trafalgar-ave-310",
      "address": "Trafalgar Ave 310",
      "store_count": 1,
      "name": "Umina Beach"
    },
    {
      "url_path": "nsw/villawood/villawood-road-2",
      "state": "NSW",
      "suburb": "Villawood",
      "address_slug": "villawood-road-2",
      "address": "Villawood Road 2",
      "store_count": 1,
      "name": "Villawood"
    },
    {
      "url_path": "nsw/vincentia/8-moona-creek-road",
      "state": "NSW",
      "suburb": "Vincentia",
      "address_slug": "8-moona-creek-road",
      "address": "8 Moona Creek Road",
      "store_count": 1,
      "name": "Vincentia"
    },
    {
      "url_path": "nsw/wagga-wagga/berry-street-11",
      "state": "NSW",
      "suburb": "Wagga-Wagga",
      "address_slug": "berry-street-11",
      "address": "Berry Street 11",
      "store_count": 1,
      "name": "Wagga Wagga"
    },
    {
      "url_path": "nsw/wallsend/kokera-street-32",
      "state": "NSW",
      "suburb": "Wallsend",
      "address_slug": "kokera-street-32",
      "address": "Kokera Street 32",
      "store_count": 1,
      "name": "Wallsend"
    },
    {
      "url_path": "nsw/warilla/shellharbour-road-43-57",
      "state": "NSW",
      "suburb": "Warilla",
      "address_slug": "shellharbour-road-43-57",
      "address": "Shellharbour Road 43 57",
      "store_count": 1,
      "name": "Warilla"
    },
    {
      "url_path": "nsw/warners-bay/king-street-6",
      "state": "NSW",
      "suburb": "Warners-Bay",
      "address_slug": "king-street-6",
      "address": "King Street 6",
      "store_count": 1,
      "name": "Warners Bay"
    },
    {
      "url_path": "nsw/warrawong/cowper-street-45",
      "state": "NSW",
      "suburb": "Warrawong",
      "address_slug": "cowper-street-45",
      "address": "Cowper Street 45",
      "store_count": 1,
      "name": "Warrawong"
    },
    {
      "url_path": "nsw/warriewood/12-jacksons-road",
      "state": "NSW",
      "suburb": "Warriewood",
      "address_slug": "12-jacksons-road",
      "address": "12 Jacksons Road",
      "store_count": 1,
      "name": "Warriewood"
    },
    {
      "url_path": "nsw/waterloo/danks-street-20-a",
      "state": "NSW",
      "suburb": "Waterloo",
      "address_slug": "danks-street-20-a",
      "address": "Danks Street 20 A",
      "store_count": 1,
      "name": "Waterloo"
    },
    {
      "url_path": "nsw/wentworthville/great-western-highway-331-339",
      "state": "NSW",
      "suburb": "Wentworthville",
      "address_slug": "great-western-highway-331-339",
      "address": "Great Western Highway 331 339",
      "store_count": 1,
      "name": "Wentworthville"
    },
    {
      "url_path": "nsw/westleigh/eucalyptus-drive-4-8",
      "state": "NSW",
      "suburb": "Westleigh",
      "address_slug": "eucalyptus-drive-4-8",
      "address": "Eucalyptus Drive 4 8",
      "store_count": 1,
      "name": "Westleigh"
    },
    {
      "url_path": "nsw/wetherill-park/the-horsely-drive-1024",
      "state": "NSW",
      "suburb": "Wetherill-Park",
      "address_slug": "the-horsely-drive-1024",
      "address": "The Horsely Drive 1024",
      "store_count": 1,
      "name": "Wetherill Park"
    },
    {
      "url_path": "nsw/winston-hills/caroline-chisholm-drive-192",
      "state": "NSW",
      "suburb": "Winston-Hills",
      "address_slug": "caroline-chisholm-drive-192",
      "address": "Caroline Chisholm Drive 192",
      "store_count": 1,
      "name": "Winston Hills"
    },
    {
      "url_path": "nsw/wolli-creek/magdalene-terrace-4",
      "state": "NSW",
      "suburb": "Wolli-Creek",
      "address_slug": "magdalene-terrace-4",
      "address": "Magdalene Terrace 4",
      "store_count": 1,
      "name": "Wolli Creek"
    },
    {
      "url_path": "nsw/wollongong/stewart-street-25",
      "state": "NSW",
      "suburb": "Wollongong",
      "address_slug": "stewart-street-25",
      "address": "Stewart Street 25",
      "store_count": 1,
      "name": "Wollongong"
    },
    {
      "url_path": "nsw/woolooware/captain-cook-dr-455-461",
      "state": "NSW",
      "suburb": "Woolooware",
      "address_slug": "captain-cook-dr-455-461",
      "address": "Captain Cook Dr 455 461",
      "store_count": 1,
      "name": "Woolooware"
    },
    {
      "url_path": "nsw/wyoming/pacific-highway-489",
      "state": "NSW",
      "suburb": "Wyoming",
      "address_slug": "pacific-highway-489",
      "address": "Pacific Highway 489",
      "store_count": 1,
      "name": "Wyoming"
    },
    {
      "url_path": "nsw/wyong/pacific-highway-146-148",
      "state": "NSW",
      "suburb": "Wyong",
      "address_slug": "pacific-highway-146-148",
      "address": "Pacific Highway 146 148",
      "store_count": 1,
      "name": "Wyong"
    },
    {
      "url_path": "nsw/yass/comur-street-193",
      "state": "NSW",
      "suburb": "Yass",
      "address_slug": "comur-street-193",
      "address": "Comur Street 193",
      "store_count": 1,
      "name": "Yass"
    },
    {
      "url_path": "nsw/young/zouch-st-11",
      "state": "NSW",
      "suburb": "Young",
      "address_slug": "zouch-st-11",
      "address": "Zouch St 11",
      "store_count": 1,
      "name": "Young"
    }
  ]
}